"Id","LinkedEntityId","ContentDocumentId","IsDeleted","SystemModstamp","ShareType","Visibility"
"06A8a00000KlsgGEAR","0058a00000LLRscAAH","0698a00000FJwfaAAD","0","2022-05-25 20:38:02","I","AllUsers"
"06A8a00000KlsgIEAR","0058a00000LLRscAAH","0698a00000FJwfbAAD","0","2022-05-25 20:38:02","I","AllUsers"
"06A8a00000KlsgKEAR","0058a00000LLRscAAH","0698a00000FJwfcAAD","0","2022-05-25 20:38:02","I","AllUsers"
"06A8a00000KlsgMEAR","0058a00000LLRscAAH","0698a00000FJwfdAAD","0","2022-05-25 20:38:02","I","AllUsers"
"06A8a00000KlsgOEAR","0058a00000LLRscAAH","0698a00000FJwfeAAD","0","2022-05-25 20:38:02","I","AllUsers"
"06A8a00000KlsgZEAR","0058a00000LLRscAAH","0698a00000FJwffAAD","0","2022-05-25 20:38:02","I","AllUsers"
"06A8a00000KlsgdEAB","0058a00000LLRscAAH","0698a00000FJwfgAAD","0","2022-05-25 20:38:02","I","AllUsers"
"06A8a00000KlsgeEAB","00D8a000001QCrvEAG","0698a00000FJwfgAAD","0","2022-05-25 20:38:02","V","AllUsers"
"06A8a00000KlsgfEAB","0058a00000LLRscAAH","0698a00000FJwfiAAD","0","2022-05-25 20:38:02","I","AllUsers"
"06A8a00000KlsggEAB","00D8a000001QCrvEAG","0698a00000FJwfiAAD","0","2022-05-25 20:38:02","V","AllUsers"
"06A8a00000KlsghEAB","0058a00000LLRscAAH","0698a00000FJwfhAAD","0","2022-05-25 20:38:02","I","AllUsers"
"06A8a00000KlsgiEAB","00D8a000001QCrvEAG","0698a00000FJwfhAAD","0","2022-05-25 20:38:02","V","AllUsers"
"06A8a00000KlsgjEAB","0058a00000LLRscAAH","0698a00000FJwfjAAD","0","2022-05-25 20:38:02","I","AllUsers"
"06A8a00000KlsgkEAB","00D8a000001QCrvEAG","0698a00000FJwfjAAD","0","2022-05-25 20:38:02","V","AllUsers"
"06A8a00000KlsglEAB","0058a00000LLRscAAH","0698a00000FJwfkAAD","0","2022-05-25 20:38:02","I","AllUsers"
"06A8a00000KlsgmEAB","00D8a000001QCrvEAG","0698a00000FJwfkAAD","0","2022-05-25 20:38:02","V","AllUsers"
"06A8a00000S6BgZEAV","0058a00000LN8cxAAD","0698a00000Kot1FAAR","0","2022-12-01 18:57:17","I","AllUsers"
"06A8a00000S6BgaEAF","0058a00000LN8cxAAD","0698a00000Kot1GAAR","0","2022-12-01 18:57:17","I","AllUsers"
"06A8a00000S6BgbEAF","00D8a000001QCrvEAG","0698a00000Kot1FAAR","0","2022-12-01 18:57:27","V","AllUsers"
"06A8a00000S6BgcEAF","00D8a000001QCrvEAG","0698a00000Kot1GAAR","0","2022-12-01 18:57:27","V","AllUsers"
"06A8a00000S6wITEAZ","0058a00000LN8cxAAD","0698a00000KpTXlAAN","0","2022-12-05 05:52:39","I","AllUsers"
"06A8a00000S6wIYEAZ","00D8a000001QCrvEAG","0698a00000KpTXlAAN","0","2022-12-05 05:52:40","V","AllUsers"
"06A8a00000UdLQmEAN","0058a00000MNWteAAH","0698a00000MHxq9AAD","0","2023-01-21 01:03:06","I","AllUsers"
"06A8a00000UdLRBEA3","0058a00000MNWteAAH","0698a00000MHxqYAAT","0","2023-01-21 01:19:24","I","AllUsers"
"06A8a00000UfL5kEAF","0058a00000MNWtKAAX","0698a00000MJVoxAAH","0","2023-01-26 23:03:24","I","AllUsers"
"06A8a00000UfLN2EAN","0058a00000MNWtKAAX","0698a00000MJVxaAAH","0","2023-01-26 23:11:18","I","AllUsers"
"06A8a00000UfLVjEAN","0058a00000MNWtKAAX","0698a00000MJW2uAAH","0","2023-01-26 23:20:48","I","AllUsers"
"06A8a00000UfLVtEAN","0058a00000MNWtKAAX","0698a00000MJW34AAH","0","2023-01-26 23:21:10","I","AllUsers"
"06A8a00000UfLiXEAV","0058a00000LLRscAAH","0698a00000MJWAUAA5","0","2023-01-26 23:33:14","I","AllUsers"
"06A8a00000UfYlgEAF","0058a00000MNWtKAAX","0698a00000MJh1JAAT","0","2023-01-27 14:42:50","I","AllUsers"
"06A8a00000Ufd9jEAB","0058a00000MNWtKAAX","0698a00000MJjjhAAD","0","2023-01-27 17:09:36","I","AllUsers"
"06A8a00000Ufd9tEAB","0058a00000MNWtKAAX","0698a00000MJjjmAAD","0","2023-01-27 17:09:45","I","AllUsers"
"06A8a00000UfdAhEAJ","0058a00000MNWtKAAX","0698a00000MJjkQAAT","0","2023-01-27 17:10:23","I","AllUsers"
"06A8a00000UfdArEAJ","0XB8a000000TzgRGAS","0698a00000MJjjhAAD","0","2023-01-27 17:10:36","V","AllUsers"
"06A8a00000UfdAsEAJ","0XB8a000000TzgRGAS","0698a00000MJjjmAAD","0","2023-01-27 17:10:36","V","AllUsers"
"06A8a00000UfdAtEAJ","0XB8a000000TzgRGAS","0698a00000MJjkQAAT","0","2023-01-27 17:10:36","V","AllUsers"
"06A8a00000UgS0wEAF","0058a00000MNWtKAAX","0698a00000MKPHQAA5","0","2023-01-30 20:22:39","I","AllUsers"
"06A8a00000UgS1BEAV","02s8a00001i6MYeAAM","0698a00000MKPHQAA5","0","2023-01-30 20:22:56","V","AllUsers"
"06A8a00000V1uHoEAJ","0058a00000MNWtKAAX","0698a00000Mjvm6AAB","0","2023-01-31 22:15:30","I","AllUsers"
"06A8a00000V1uppEAB","02s8a00001i6cRJAAY","0698a00000Mjvm6AAB","0","2023-01-31 22:16:05","V","AllUsers"
"06A8a00000V33WiEAJ","02s8a00001i76kGAAQ","0698a00000MJjkQAAT","0","2023-02-03 15:29:50","V","AllUsers"
"06A8a00000V33WjEAJ","02s8a00001i76kGAAQ","0698a00000MJjjhAAD","0","2023-02-03 15:29:50","V","AllUsers"
"06A8a00000VBIGyEAP","0058a00000MNWtKAAX","0698a00000MdJevAAF","0","2023-02-07 20:28:19","I","AllUsers"
"06A8a00000VBIHSEA5","0XB8a0000009EH9GAM","0698a00000MdJevAAF","0","2023-02-07 20:28:24","V","AllUsers"
"06A8a00000VBIKsEAP","0XB8a0000009EHEGA2","0698a00000MdJevAAF","0","2023-02-07 20:30:07","V","AllUsers"
"06A8a00000VBIMiEAP","0XB8a0000009EHJGA2","0698a00000MdJevAAF","0","2023-02-07 20:30:51","V","AllUsers"
"06A8a00000VBIMjEAP","0XB8a0000009EHKGA2","0698a00000MdJevAAF","0","2023-02-07 20:36:00","V","AllUsers"
"06A8a00000VBIQHEA5","0XB8a0000009EHOGA2","0698a00000MdJevAAF","0","2023-02-07 20:33:04","V","AllUsers"
"06A8a00000VBIUeEAP","0XB8a0000009EHTGA2","0698a00000MdJevAAF","0","2023-02-07 20:35:12","V","AllUsers"
"06A8a00000VCGweEAH","0058a00000MNWtKAAX","0698a00000Me3jNAAR","0","2023-02-10 00:02:39","I","AllUsers"
"06A8a00000VCGwjEAH","0XB8a0000009ER4GAM","0698a00000MJjjhAAD","0","2023-02-10 00:03:19","V","AllUsers"
"06A8a00000VCGwkEAH","0XB8a0000009ER4GAM","0698a00000MJjjmAAD","0","2023-02-10 00:03:19","V","AllUsers"
"06A8a00000VCGwlEAH","0XB8a0000009ER4GAM","0698a00000Me3jNAAR","0","2023-02-10 00:03:19","V","AllUsers"
"06A8a00000VCqoyEAD","0058a00000L2IR7AAN","0698a00000MeUQrAAN","0","2023-02-11 17:44:43","I","AllUsers"
"06A8a00000VCqozEAD","02I8a000000V4SLEA0","0698a00000MeUQrAAN","0","2023-02-11 17:44:43","V","AllUsers"
"06A8a00000VCqp0EAD","0058a00000L2IR7AAN","0698a00000MeUQsAAN","0","2023-02-11 17:44:44","I","AllUsers"
"06A8a00000VCqp1EAD","02I8a000000V4SLEA0","0698a00000MeUQsAAN","0","2023-02-11 17:44:44","V","AllUsers"
"06A8a00000VCqp2EAD","0058a00000L2IR7AAN","0698a00000MeUQtAAN","0","2023-02-11 17:44:45","I","AllUsers"
"06A8a00000VCqp3EAD","02I8a000000V4SLEA0","0698a00000MeUQtAAN","0","2023-02-11 17:44:45","V","AllUsers"
"06A8a00000VCqsWEAT","0058a00000L2IR7AAN","0698a00000MeUT2AAN","0","2023-02-11 18:20:43","I","AllUsers"
"06A8a00000VCqsXEAT","02I8a000000V4SQEA0","0698a00000MeUT2AAN","0","2023-02-11 18:20:43","V","AllUsers"
"06A8a00000VDyUHEA1","02s8a00001iO0djAAC","0698a00000MJjjhAAD","0","2023-02-15 18:50:59","V","AllUsers"
"06A8a00000VqDPHEA3","0058a00000MNWtKAAX","0698a00000NLc1lAAD","0","2023-02-16 21:43:47","I","AllUsers"
"06A8a00000VqDPWEA3","0XB8a0000009EqiGAE","0698a00000NLc1lAAD","0","2023-02-16 21:43:56","V","AllUsers"
"06A8a00000VqDPbEAN","0058a00000MNWtKAAX","0698a00000NLc1vAAD","0","2023-02-16 21:43:56","I","AllUsers"
"06A8a00000VqZhNEAV","0058a00000MNWtKAAX","0698a00000NLsG2AAL","0","2023-02-17 19:48:37","I","AllUsers"
"06A8a00000VqaKtEAJ","0XB8a0000009EsAGAU","0698a00000NLsG2AAL","0","2023-02-17 19:48:40","V","AllUsers"
"06A8a00000Vs2a7EAB","02s8a00001iP3D6AAK","0698a00000NLc1vAAD","0","2023-02-22 23:32:36","V","AllUsers"
"06A8a00000VsEtZEAV","02s8a00001iP6uwAAC","0698a00000NLc1vAAD","0","2023-02-23 14:43:17","V","AllUsers"
"06A8a00000VsP3bEAF","02s8a00001iPCWbAAO","0698a00000NLc1vAAD","0","2023-02-23 20:26:37","V","AllUsers"
"06A8a00000VsP3cEAF","02s8a00001iPCWbAAO","0698a00000MJjkQAAT","0","2023-02-23 20:26:37","V","AllUsers"
"06A8a00000VsP3dEAF","02s8a00001iPCWbAAO","0698a00000NNFPeAAP","0","2023-02-23 20:26:37","V","AllUsers"
"06A8a00000VsPENEA3","0058a00000MNWtKAAX","0698a00000NNFPeAAP","0","2023-02-23 20:26:28","I","AllUsers"
"06A8a00000WAZGLEA5","0058a00000MNWtKAAX","0698a00000M7fDLAAZ","0","2023-03-30 21:12:45","I","AllUsers"
"06A8a00000WAZGQEA5","02s8a00001k6mjXAAQ","0698a00000M7fDLAAZ","0","2023-03-30 21:12:48","V","AllUsers"
"06A8a00000WRjn4EAD","0058a00000MNWtKAAX","0698a00000NOcTqAAL","0","2023-03-01 18:10:53","I","AllUsers"
"06A8a00000WRk1NEAT","0058a00000MNWtKAAX","0698a00000NOcUtAAL","0","2023-03-01 18:12:11","I","AllUsers"
"06A8a00000WRk2XEAT","02s8a00001iPyoSAAS","0698a00000NOcTqAAL","0","2023-03-01 18:12:55","V","AllUsers"
"06A8a00000WRk2YEAT","02s8a00001iPyoSAAS","0698a00000NOcUtAAL","0","2023-03-01 18:12:55","V","AllUsers"
"06A8a00000WRk2ZEAT","02s8a00001iPyoSAAS","0698a00000NLc1vAAD","0","2023-03-01 18:12:55","V","AllUsers"
"06A8a00000WRk2aEAD","02s8a00001iPyoSAAS","0698a00000MJjkQAAT","0","2023-03-01 18:12:55","V","AllUsers"
"06A8a00000WSEhxEAH","0058a00000MNWtKAAX","0698a00000NOyWwAAL","0","2023-03-02 20:54:05","I","AllUsers"
"06A8a00000WSEisEAH","02s8a00001jMxanAAC","0698a00000NOyWwAAL","0","2023-03-02 20:55:02","V","AllUsers"
"06A8a00000WU6lUEAT","0XB8a0000009FQWGA2","0698a00000Npb6uAAB","0","2023-03-08 18:23:59","V","AllUsers"
"06A8a00000WU6upEAD","0058a00000MNWtKAAX","0698a00000Npb6uAAB","0","2023-03-08 18:19:52","I","AllUsers"
"06A8a00000WU6wFEAT","0XB8a0000009FQMGA2","0698a00000Npb6uAAB","0","2023-03-08 18:20:30","V","AllUsers"
"06A8a00000WU6zQEAT","0XB8a0000009FQRGA2","0698a00000Npb6uAAB","0","2023-03-08 18:22:28","V","AllUsers"
"06A8a00000WUAdDEAX","0058a00000MNWtKAAX","0698a00000Npdc4AAB","0","2023-03-08 20:44:28","I","AllUsers"
"06A8a00000WUAe6EAH","0058a00000MNWtKAAX","0698a00000NpdciAAB","0","2023-03-08 20:44:37","I","AllUsers"
"06A8a00000WUAeBEAX","02s8a00001jNmxOAAS","0698a00000Npdc4AAB","0","2023-03-08 20:44:42","V","AllUsers"
"06A8a00000WUAeCEAX","02s8a00001jNmxOAAS","0698a00000NpdciAAB","0","2023-03-08 20:44:42","V","AllUsers"
"06A8a00000XBq3wEAD","0058a00000MNWtKAAX","0698a00000Nr0eZAAR","0","2023-03-14 16:34:14","I","AllUsers"
"06A8a00000XBq46EAD","0058a00000MNWtKAAX","0698a00000Nr0ejAAB","0","2023-03-14 16:34:14","I","AllUsers"
"06A8a00000XBq4BEAT","0058a00000MNWtKAAX","0698a00000Nr0eoAAB","0","2023-03-14 16:34:14","I","AllUsers"
"06A8a00000XBq4GEAT","0058a00000MNWtKAAX","0698a00000Nr0etAAB","0","2023-03-14 16:34:14","I","AllUsers"
"06A8a00000XBq4LEAT","0058a00000MNWtKAAX","0698a00000Nr0eyAAB","0","2023-03-14 16:34:15","I","AllUsers"
"06A8a00000XBq4QEAT","0058a00000MNWtKAAX","0698a00000Nr0f8AAB","0","2023-03-14 16:34:15","I","AllUsers"
"06A8a00000XBq4VEAT","0058a00000MNWtKAAX","0698a00000Nr0f3AAB","0","2023-03-14 16:34:15","I","AllUsers"
"06A8a00000XBq4aEAD","0058a00000MNWtKAAX","0698a00000Nr0fDAAR","0","2023-03-14 16:34:15","I","AllUsers"
"06A8a00000XBq4fEAD","0058a00000MNWtKAAX","0698a00000Nr0fIAAR","0","2023-03-14 16:34:16","I","AllUsers"
"06A8a00000XBq4kEAD","0058a00000MNWtKAAX","0698a00000Nr0fNAAR","0","2023-03-14 16:34:16","I","AllUsers"
"06A8a00000XBq4zEAD","02s8a00001jOZFdAAO","0698a00000NLc1vAAD","0","2023-03-14 16:34:36","V","AllUsers"
"06A8a00000XBq50EAD","02s8a00001jOZFdAAO","0698a00000MJjkQAAT","0","2023-03-14 16:34:36","V","AllUsers"
"06A8a00000XBq51EAD","02s8a00001jOZFdAAO","0698a00000Nr0eZAAR","0","2023-03-14 16:34:36","V","AllUsers"
"06A8a00000XBq52EAD","02s8a00001jOZFdAAO","0698a00000Nr0f3AAB","0","2023-03-14 16:34:36","V","AllUsers"
"06A8a00000XBq53EAD","02s8a00001jOZFdAAO","0698a00000Nr0eoAAB","0","2023-03-14 16:34:36","V","AllUsers"
"06A8a00000XBq54EAD","02s8a00001jOZFdAAO","0698a00000Nr0ejAAB","0","2023-03-14 16:34:36","V","AllUsers"
"06A8a00000XBq55EAD","02s8a00001jOZFdAAO","0698a00000Nr0etAAB","0","2023-03-14 16:34:36","V","AllUsers"
"06A8a00000XBq56EAD","02s8a00001jOZFdAAO","0698a00000Nr0eyAAB","0","2023-03-14 16:34:36","V","AllUsers"
"06A8a00000XBq57EAD","02s8a00001jOZFdAAO","0698a00000Nr0fDAAR","0","2023-03-14 16:34:36","V","AllUsers"
"06A8a00000XBq58EAD","02s8a00001jOZFdAAO","0698a00000Nr0f8AAB","0","2023-03-14 16:34:36","V","AllUsers"
"06A8a00000XBq59EAD","02s8a00001jOZFdAAO","0698a00000Nr0fIAAR","0","2023-03-14 16:34:36","V","AllUsers"
"06A8a00000XBq5AEAT","02s8a00001jOZFdAAO","0698a00000Nr0fNAAR","0","2023-03-14 16:34:36","V","AllUsers"
"06A8a00000XByWJEA1","0058a00000MNWtKAAX","0698a00000Nr6LiAAJ","0","2023-03-14 22:45:34","I","AllUsers"
"06A8a00000XByXdEAL","02s8a00001jOedyAAC","0698a00000Nr6LiAAJ","0","2023-03-14 22:47:26","V","AllUsers"
"06A8a00000XByXeEAL","02s8a00001jOedyAAC","0698a00000Nr6N0AAJ","0","2023-03-14 22:47:26","V","AllUsers"
"06A8a00000XByYFEA1","0058a00000MNWtKAAX","0698a00000Nr6N0AAJ","0","2023-03-14 22:47:10","I","AllUsers"
"06A8a00000XCHk2EAH","0058a00000MNWtKAAX","0698a00000NrKy0AAF","0","2023-03-15 18:50:12","I","AllUsers"
"06A8a00000XCHl4EAH","02s8a00001jOmoZAAS","0698a00000NrKy0AAF","0","2023-03-15 18:50:58","V","AllUsers"
"06A8a00000XCHnGEAX","0058a00000MNWtKAAX","0698a00000NrL1xAAF","0","2023-03-15 18:54:02","I","AllUsers"
"06A8a00000XCHnTEAX","0058a00000MNWtKAAX","0698a00000NrL0aAAF","0","2023-03-15 18:52:48","I","AllUsers"
"06A8a00000XCHndEAH","0058a00000MNWtKAAX","0698a00000NrL0fAAF","0","2023-03-15 18:52:48","I","AllUsers"
"06A8a00000XCHo2EAH","02s8a00001jOnLSAA0","0698a00000NrL0aAAF","0","2023-03-15 18:53:08","V","AllUsers"
"06A8a00000XCHo3EAH","02s8a00001jOnLSAA0","0698a00000NrL0fAAF","0","2023-03-15 18:53:08","V","AllUsers"
"06A8a00000XCHpKEAX","0058a00000MNWtKAAX","0698a00000NrL22AAF","0","2023-03-15 18:54:01","I","AllUsers"
"06A8a00000XCHpUEAX","02s8a00001jOnMfAAK","0698a00000NrL1xAAF","0","2023-03-15 18:54:12","V","AllUsers"
"06A8a00000XCHpVEAX","02s8a00001jOnMfAAK","0698a00000NrL22AAF","0","2023-03-15 18:54:12","V","AllUsers"
"06A8a00000Y1DYPEA3","0058a00000MNWtKAAX","0698a00000OqbvtAAB","0","2023-04-04 17:14:08","I","AllUsers"
"06A8a00000Y1DZcEAN","0058a00000MNWtKAAX","0698a00000OqbwXAAR","0","2023-04-04 17:14:46","I","AllUsers"
"06A8a00000Y1DaLEAV","02s8a00001kFkTZAA0","0698a00000OqbvtAAB","0","2023-04-04 17:14:59","V","AllUsers"
"06A8a00000Y1DaMEAV","02s8a00001kFkTZAA0","0698a00000OqbwXAAR","0","2023-04-04 17:14:59","V","AllUsers"
"06A8a00000Y3tYHEAZ","0058a00000MNWtKAAX","0698a00000OsjgdAAB","0","2023-04-13 17:41:32","I","AllUsers"
"06A8a00000Y3tbTEAR","0XB8a000000ogqqGAA","0698a00000OsjgdAAB","0","2023-04-13 17:43:11","V","AllUsers"
"06A8a00000Y3tfXEAR","0XB8a000000ogqlGAA","0698a00000OsjgdAAB","0","2023-04-13 17:41:35","V","AllUsers"
"06A8a00000Y3tjLEAR","0XB8a000000ogqvGAA","0698a00000OsjgdAAB","0","2023-04-13 17:44:28","V","AllUsers"
"06A8a00000Y3tkBEAR","0XB8a000000ogr0GAA","0698a00000OsjgdAAB","0","2023-04-13 17:45:21","V","AllUsers"
"06A8a00000YYYXdEAP","0058a00000MNWtKAAX","0698a00000Otmz9AAB","0","2023-04-18 14:43:18","I","AllUsers"
"06A8a00000YYYXeEAP","0068a00001MbSTOAA3","0698a00000Otmz9AAB","0","2023-04-18 14:43:18","V","AllUsers"
"06A8a00000YYhXbEAL","0058a00000MNWtKAAX","0698a00000OtszyAAB","0","2023-04-18 20:19:06","I","AllUsers"
"06A8a00000YYhXcEAL","0068a00001MbSTOAA3","0698a00000OtszyAAB","0","2023-04-18 20:19:06","V","AllUsers"
"06A8a00000Yay8TEAR","0058a00000MNWtKAAX","0698a00000PGiFrAAL","0","2023-04-25 19:19:54","I","AllUsers"
"06A8a00000Yay8UEAR","0068a00001N1IGQAA3","0698a00000PGiFrAAL","0","2023-04-25 19:19:54","V","AllUsers"
"06A8a00000Yay9MEAR","0058a00000MNWtKAAX","0698a00000PGiGVAA1","0","2023-04-25 19:20:14","I","AllUsers"
"06A8a00000Yay9NEAR","0068a00001N1IGQAA3","0698a00000PGiGVAA1","0","2023-04-25 19:20:14","V","AllUsers"
"06A8a00000Yay9lEAB","0058a00000MNWtKAAX","0698a00000PGiGzAAL","0","2023-04-25 19:20:24","I","AllUsers"
"06A8a00000Yay9mEAB","0068a00001N1IGQAA3","0698a00000PGiGzAAL","0","2023-04-25 19:20:24","V","AllUsers"
"06A8a00000YbJomEAF","0058a00000MNWtKAAX","0698a00000PGzLrAAL","0","2023-04-26 16:40:05","I","AllUsers"
"06A8a00000YbJorEAF","02s8a00001kIzUoAAK","0698a00000PGzLrAAL","0","2023-04-26 16:40:07","V","AllUsers"
"06A8a00000YbJzHEAV","0XB8a000000oh6KGAQ","0698a00000PGzLrAAL","0","2023-04-26 16:48:12","V","AllUsers"
"06A8a00000YbKFkEAN","0XB8a000000oh6ZGAQ","0698a00000PGzLrAAL","0","2023-04-26 16:56:43","V","AllUsers"
"06A8a00000YbKH2EAN","0XB8a000000oh6eGAA","0698a00000PGzLrAAL","0","2023-04-26 16:57:37","V","AllUsers"
"06A8a00000YbKHREA3","0XB8a000000oh6jGAA","0698a00000PGzLrAAL","0","2023-04-26 16:58:08","V","AllUsers"
"06A8a00000YbctpEAB","0058a00000MNWtKAAX","0698a00000PHESEAA5","0","2023-04-27 13:57:20","I","AllUsers"
"06A8a00000YbctqEAB","0068a00001MyqI0AAJ","0698a00000PHESEAA5","0","2023-04-27 13:57:20","V","AllUsers"
"06A8a00000YbcunEAB","0058a00000MNWtKAAX","0698a00000PHESxAAP","0","2023-04-27 13:57:47","I","AllUsers"
"06A8a00000YbcuoEAB","0068a00001ME40yAAD","0698a00000PHESxAAP","0","2023-04-27 13:57:47","V","AllUsers"
"06A8a00000YbhEGEAZ","0058a00000MNWtKAAX","0698a00000PHHqxAAH","0","2023-04-27 15:51:39","I","AllUsers"
"06A8a00000YbhEHEAZ","0068a00001NV1p6AAD","0698a00000PHHqxAAH","0","2023-04-27 15:51:39","V","AllUsers"
"06A8a00000YbhEIEAZ","02s8a00001kJB2EAAW","0698a00000PHHqxAAH","0","2023-04-27 16:30:56","V","AllUsers"
"06A8a00000YbhEJEAZ","02s8a00001kJB2EAAW","0698a00000PHIvKAAX","0","2023-04-27 16:30:56","V","AllUsers"
"06A8a00000YbiZIEAZ","0058a00000MNWtKAAX","0698a00000PHIvKAAX","0","2023-04-27 16:30:49","I","AllUsers"
"06A8a00000ZDdqkEAD","0058a00000MNWtZAAX","0698a00000PkiWEAAZ","0","2023-05-31 20:34:19","I","AllUsers"
"06A8a00000ZDdqlEAD","0068a00001NhyxTAAR","0698a00000PkiWEAAZ","0","2023-05-31 20:34:19","V","AllUsers"
"06A8a00000ZIF9nEAH","0058a00000MNWtPAAX","0698a00000PHjc8AAD","0","2023-04-29 05:28:56","I","AllUsers"
"06A8a00000ZIF9oEAH","0Q08a000003SoEFCA0","0698a00000PHjc8AAD","0","2023-04-29 05:28:56","V","AllUsers"
"06A8a00000ZJNHvEAP","0058a00000MNWtKAAX","0698a00000PIclMAAT","0","2023-05-03 16:54:03","I","AllUsers"
"06A8a00000ZJNHwEAP","0068a00001MyqI0AAJ","0698a00000PIclMAAT","0","2023-05-03 16:54:02","V","AllUsers"
"06A8a00000ZrK2uEAF","0058a00000MNWtKAAX","0698a00000PphX1AAJ","0","2023-05-17 17:24:43","I","AllUsers"
"06A8a00000ZrK2vEAF","0068a00001NV1p6AAD","0698a00000PphX1AAJ","0","2023-05-17 17:24:43","V","AllUsers"
"06A8a00000ZrK45EAF","0058a00000MNWtKAAX","0698a00000PphY4AAJ","0","2023-05-17 17:25:11","I","AllUsers"
"06A8a00000ZrK46EAF","0068a00001NZULJAA5","0698a00000PphY4AAJ","0","2023-05-17 17:25:11","V","AllUsers"
"06A8a00000ZsroiEAB","0058a00000MNWtZAAX","0698a00000QGD7WAAX","0","2023-05-22 17:41:00","I","AllUsers"
"06A8a00000ZsrojEAB","0068a00001NZBYeAAP","0698a00000QGD7WAAX","0","2023-05-22 17:41:00","V","AllUsers"
"06A8a00000ZsxO0EAJ","0058a00000MNWtKAAX","0698a00000QGGsaAAH","0","2023-05-22 23:07:23","I","AllUsers"
"06A8a00000ZsxO1EAJ","0068a00001N1XvHAAV","0698a00000QGGsaAAH","0","2023-05-22 23:07:23","V","AllUsers"
"06A8a00000ZsxOFEAZ","0058a00000MNWtKAAX","0698a00000QGGskAAH","0","2023-05-22 23:07:57","I","AllUsers"
"06A8a00000ZsxOGEAZ","0018a000024zJCCAA2","0698a00000QGGskAAH","0","2023-05-22 23:07:57","V","AllUsers"
"06A8a00000aS0asEAC","0058a00000MNWtZAAX","0698a00000QHMQ5AAP","0","2023-05-26 15:59:53","I","AllUsers"
"06A8a00000aS0atEAC","0068a00001Mzu2jAAB","0698a00000QHMQ5AAP","0","2023-05-26 15:59:53","V","AllUsers"
"06A8a00000aTHppEAG","0058a00000MNWtKAAX","0698a00000QIG90AAH","0","2023-05-29 20:40:40","I","AllUsers"
"06A8a00000aTHpuEAG","0058a00000MNWtKAAX","0698a00000QIG9jAAH","0","2023-05-29 20:41:01","I","AllUsers"
"06A8a00000aTHt8EAG","0XB8a000000ohhBGAQ","0698a00000QIG90AAH","0","2023-05-29 20:41:31","V","AllUsers"
"06A8a00000aTHt9EAG","0XB8a000000ohhBGAQ","0698a00000QIG9jAAH","0","2023-05-29 20:41:31","V","AllUsers"
"06A8a00000aTHtAEAW","0XB8a000000ohhCGAQ","0698a00000QIG90AAH","0","2023-05-29 20:47:11","V","AllUsers"
"06A8a00000aTHtBEAW","0XB8a000000ohhCGAQ","0698a00000QIG9jAAH","0","2023-05-29 20:47:11","V","AllUsers"
"06A8a00000aTICGEA4","0XB8a000000ohhGGAQ","0698a00000QIG90AAH","0","2023-05-29 20:49:14","V","AllUsers"
"06A8a00000aTICHEA4","0XB8a000000ohhGGAQ","0698a00000QIG9jAAH","0","2023-05-29 20:49:14","V","AllUsers"
"06A8a00000aTIFeEAO","0XB8a000000ohhLGAQ","0698a00000QIG90AAH","0","2023-05-29 20:50:22","V","AllUsers"
"06A8a00000aTIFfEAO","0XB8a000000ohhLGAQ","0698a00000QIG9jAAH","0","2023-05-29 20:50:22","V","AllUsers"
"06A8a00000aTIrkEAG","0XB8a000000ohhQGAQ","0698a00000QIG90AAH","0","2023-05-29 21:00:46","V","AllUsers"
"06A8a00000aTIrlEAG","0XB8a000000ohhQGAQ","0698a00000QIG9jAAH","0","2023-05-29 21:00:46","V","AllUsers"
"06A8a00000aTvugEAC","0058a00000MNWtZAAX","0698a00000QIfmCAAT","0","2023-05-30 17:24:10","I","AllUsers"
"06A8a00000aTvuhEAC","0068a00001N0iLlAAJ","0698a00000QIfmCAAT","0","2023-05-30 17:24:10","V","AllUsers"
"06A8a00000aU3vHEAS","0058a00000LLRscAAH","0698a00000QIlB7AAL","0","2023-05-31 00:01:56","I","AllUsers"
"06A8a00000aU3vXEAS","0068a00001MzFJxAAN","0698a00000QIlB7AAL","0","2023-05-31 00:01:57","V","AllUsers"
"06A8a00000aeMoyEAE","0058a00000MNWtKAAX","0698a00000PlAXtAAN","0","2023-06-01 18:15:33","I","AllUsers"
"06A8a00000aeMozEAE","0068a00001ME40yAAD","0698a00000PlAXtAAN","0","2023-06-01 18:15:33","V","AllUsers"
"06A8a00000afDW5EAM","0058a00000MNWtKAAX","0698a00000PlcZsAAJ","0","2023-06-02 17:02:13","I","AllUsers"
"06A8a00000afDW6EAM","0068a00001MOStCAAX","0698a00000PlcZsAAJ","0","2023-06-02 17:02:13","V","AllUsers"
"06A8a00000afDWFEA2","0058a00000MNWtKAAX","0698a00000Plca2AAB","0","2023-06-02 17:02:21","I","AllUsers"
"06A8a00000afDWGEA2","0068a00001MOStCAAX","0698a00000Plca2AAB","0","2023-06-02 17:02:21","V","AllUsers"
"06A8a00000ag8tVEAQ","0058a00000MNWtZAAX","0698a00000PmDHWAA3","0","2023-06-05 16:46:00","I","AllUsers"
"06A8a00000ag8tWEAQ","0068a00001NjvkxAAB","0698a00000PmDHWAA3","0","2023-06-05 16:46:00","V","AllUsers"
"06A8a00000agetCEAQ","0058a00000MNWtZAAX","0698a00000Pmd9iAAB","0","2023-06-06 19:08:40","I","AllUsers"
"06A8a00000agetDEAQ","0068a00001MPAx5AAH","0698a00000Pmd9iAAB","0","2023-06-06 19:08:40","V","AllUsers"
"06A8a00000agexuEAA","0058a00000MNWtZAAX","0698a00000PmdDVAAZ","0","2023-06-06 19:12:03","I","AllUsers"
"06A8a00000agexvEAA","0068a00001MzKnxAAF","0698a00000PmdDVAAZ","0","2023-06-06 19:12:03","V","AllUsers"
"06A8a00000c0KrMEAU","0058a00000LLRscAAH","0698a00000RCGdHAAX","0","2023-07-03 15:55:49","I","AllUsers"
"06A8a00000c0KrNEAU","0068a00001O5glJAAR","0698a00000RCGdHAAX","0","2023-07-03 15:55:49","V","AllUsers"
"06A8a00000c0mZqEAI","0058a00000MNWtKAAX","0698a00000RCeR0AAL","0","2023-07-05 14:33:45","I","AllUsers"
"06A8a00000c0mZrEAI","0068a00001NZULJAA5","0698a00000RCeR0AAL","0","2023-07-05 14:33:45","V","AllUsers"
"06A8a00000c0ma0EAA","0058a00000MNWtKAAX","0698a00000RCeR5AAL","0","2023-07-05 14:33:50","I","AllUsers"
"06A8a00000c0ma1EAA","0068a00001NZULJAA5","0698a00000RCeR5AAL","0","2023-07-05 14:33:50","V","AllUsers"
"06A8a00000c1Gs4EAE","0058a00000MNWtKAAX","0698a00000RcEF0AAN","0","2023-07-06 17:36:12","I","AllUsers"
"06A8a00000c1Gs5EAE","0068a00001MP1vKAAT","0698a00000RcEF0AAN","0","2023-07-06 17:36:11","V","AllUsers"
"06A8a00000dmt48EAA","0058a00000MNWtKAAX","0698a00000SaxihAAB","0","2023-08-09 23:21:22","I","AllUsers"
"06A8a00000dmt49EAA","0068a00001O5aSfAAJ","0698a00000SaxihAAB","0","2023-08-09 23:21:22","V","AllUsers"
"06A8a00000doSVdEAM","0058a00000MNWtKAAX","0698a00000ScFreAAF","0","2023-08-14 18:00:33","I","AllUsers"
"06A8a00000doSVeEAM","0068a00001ONXtUAAX","0698a00000ScFreAAF","0","2023-08-14 18:00:33","V","AllUsers"
"06A8a00000eAWRdEAO","0058a00000MNWtZAAX","0698a00000Sy4i5AAB","0","2023-08-16 20:59:06","I","AllUsers"
"06A8a00000eAWReEAO","0068a00001OMDJkAAP","0698a00000Sy4i5AAB","0","2023-08-16 20:59:06","V","AllUsers"
"06A8a00000ecmg8EAA","0058a00000MNWtZAAX","0698a00000TOZ85AAH","0","2023-08-31 16:42:12","I","AllUsers"
"06A8a00000ecmg9EAA","0068a00001ON0tMAAT","0698a00000TOZ85AAH","0","2023-08-31 16:42:12","V","AllUsers"
