"Id","TableEnumOrId","FieldEnumOrId","CreatedById","CreatedDate"
"7378a000003tz12AAA","Case","Asset","0058a00000LLRscAAH","2022-05-25 20:38:02"
"7378a000003tz13AAA","Case","Contact","0058a00000LLRscAAH","2022-05-25 20:38:02"
"7378a000003tz14AAA","Case","CurrencyIsoCode","0058a00000LLRscAAH","2022-05-25 20:38:02"
"7378a000003tz15AAA","Case","Description","0058a00000LLRscAAH","2022-05-25 20:38:02"
"7378a000003tz16AAA","Case","IsVisibleInCss","0058a00000LLRscAAH","2022-05-25 20:38:02"
"7378a000003tz17AAA","Case","Origin","0058a00000LLRscAAH","2022-05-25 20:38:02"
"7378a000003tz18AAA","Case","Owner","0058a00000LLRscAAH","2022-05-25 20:38:02"
"7378a000003tz19AAA","Case","Priority","0058a00000LLRscAAH","2022-05-25 20:38:02"
"7378a000003tz1AAAQ","Case","Reason","0058a00000LLRscAAH","2022-05-25 20:38:02"
"7378a000003tz1BAAQ","Case","RecordType","0058a00000LLRscAAH","2022-05-25 20:38:02"
"7378a000003tz1CAAQ","Case","Status","0058a00000LLRscAAH","2022-05-25 20:38:02"
"7378a000003tz1DAAQ","Case","Subject","0058a00000LLRscAAH","2022-05-25 20:38:02"
"7378a000003tz1EAAQ","Case","Type","0058a00000LLRscAAH","2022-05-25 20:38:02"
"7378a000003tz1FAAQ","Contract","Account","0058a00000LLRscAAH","2022-05-25 20:38:02"
"7378a000003tz1GAAQ","Contract","AutoRenewCode","0058a00000LLRscAAH","2022-05-25 20:38:02"
"7378a000003tz1HAAQ","Contract","BankAccountName","0058a00000LLRscAAH","2022-05-25 20:38:02"
"7378a000003tz1IAAQ","Contract","BankAccountNumber","0058a00000LLRscAAH","2022-05-25 20:38:02"
"7378a000003tz1JAAQ","Contract","BankAccountType","0058a00000LLRscAAH","2022-05-25 20:38:02"
"7378a000003tz1KAAQ","Contract","BankAddress","0058a00000LLRscAAH","2022-05-25 20:38:02"
"7378a000003tz1LAAQ","Contract","BankBranchCode","0058a00000LLRscAAH","2022-05-25 20:38:02"
"7378a000003tz1MAAQ","Contract","BankCode","0058a00000LLRscAAH","2022-05-25 20:38:02"
"7378a000003tz1NAAQ","Contract","BankName","0058a00000LLRscAAH","2022-05-25 20:38:02"
"7378a000003tz1OAAQ","Contract","BankReferenceNumber","0058a00000LLRscAAH","2022-05-25 20:38:02"
"7378a000003tz1PAAQ","Contract","BillingAddress","0058a00000LLRscAAH","2022-05-25 20:38:02"
"7378a000003tz1QAAQ","Contract","BillingCompany","0058a00000LLRscAAH","2022-05-25 20:38:02"
"7378a000003tz1RAAQ","Contract","BillingEmail","0058a00000LLRscAAH","2022-05-25 20:38:02"
"7378a000003tz1SAAQ","Contract","BillingFax","0058a00000LLRscAAH","2022-05-25 20:38:02"
"7378a000003tz1TAAQ","Contract","BillingLanguage","0058a00000LLRscAAH","2022-05-25 20:38:02"
"7378a000003tz1UAAQ","Contract","BillingName","0058a00000LLRscAAH","2022-05-25 20:38:02"
"7378a000003tz1VAAQ","Contract","BillingPhone","0058a00000LLRscAAH","2022-05-25 20:38:02"
"7378a000003tz1WAAQ","Contract","CompanySigned","0058a00000LLRscAAH","2022-05-25 20:38:02"
"7378a000003tz1XAAQ","Contract","CompanySignedDate","0058a00000LLRscAAH","2022-05-25 20:38:02"
"7378a000003tz1YAAQ","Contract","ContractTerm","0058a00000LLRscAAH","2022-05-25 20:38:02"
"7378a000003tz1ZAAQ","Contract","CreditCardExpirationDate","0058a00000LLRscAAH","2022-05-25 20:38:02"
"7378a000003tz1aAAA","Contract","CreditCardNumber","0058a00000LLRscAAH","2022-05-25 20:38:02"
"7378a000003tz1bAAA","Contract","CreditCardType","0058a00000LLRscAAH","2022-05-25 20:38:02"
"7378a000003tz1cAAA","Contract","CurrencyIsoCode","0058a00000LLRscAAH","2022-05-25 20:38:02"
"7378a000003tz1dAAA","Contract","CustomerExpirationNotice","0058a00000LLRscAAH","2022-05-25 20:38:02"
"7378a000003tz1eAAA","Contract","CustomerSigned","0058a00000LLRscAAH","2022-05-25 20:38:02"
"7378a000003tz1fAAA","Contract","CustomerSignedDate","0058a00000LLRscAAH","2022-05-25 20:38:02"
"7378a000003tz1gAAA","Contract","CustomerSignedTitle","0058a00000LLRscAAH","2022-05-25 20:38:02"
"7378a000003tz1hAAA","Contract","Description","0058a00000LLRscAAH","2022-05-25 20:38:02"
"7378a000003tz1iAAA","Contract","EndDate","0058a00000LLRscAAH","2022-05-25 20:38:02"
"7378a000003tz1jAAA","Contract","InvoiceDispatchMethod","0058a00000LLRscAAH","2022-05-25 20:38:02"
"7378a000003tz1kAAA","Contract","IsDunningSuppressed","0058a00000LLRscAAH","2022-05-25 20:38:02"
"7378a000003tz1lAAA","Contract","Name","0058a00000LLRscAAH","2022-05-25 20:38:02"
"7378a000003tz1mAAA","Contract","NameOnCreditCard","0058a00000LLRscAAH","2022-05-25 20:38:02"
"7378a000003tz1nAAA","Contract","OfferExpirationDate","0058a00000LLRscAAH","2022-05-25 20:38:02"
"7378a000003tz1oAAA","Contract","OrderPrebillDays","0058a00000LLRscAAH","2022-05-25 20:38:02"
"7378a000003tz1pAAA","Contract","Owner","0058a00000LLRscAAH","2022-05-25 20:38:02"
"7378a000003tz1qAAA","Contract","OwnerExpirationNotice","0058a00000LLRscAAH","2022-05-25 20:38:02"
"7378a000003tz1rAAA","Contract","PaymentTerm","0058a00000LLRscAAH","2022-05-25 20:38:02"
"7378a000003tz1sAAA","Contract","PaymentType","0058a00000LLRscAAH","2022-05-25 20:38:02"
"7378a000003tz1tAAA","Contract","Pricebook2","0058a00000LLRscAAH","2022-05-25 20:38:02"
"7378a000003tz1uAAA","Contract","RecordType","0058a00000LLRscAAH","2022-05-25 20:38:02"
"7378a000003tz1vAAA","Contract","RenewalDays","0058a00000LLRscAAH","2022-05-25 20:38:02"
"7378a000003tz1wAAA","Contract","RenewalTerm","0058a00000LLRscAAH","2022-05-25 20:38:02"
"7378a000003tz1xAAA","Contract","Salesrep1","0058a00000LLRscAAH","2022-05-25 20:38:02"
"7378a000003tz1yAAA","Contract","Salesrep1Percent","0058a00000LLRscAAH","2022-05-25 20:38:02"
"7378a000003tz1zAAA","Contract","Salesrep2","0058a00000LLRscAAH","2022-05-25 20:38:02"
"7378a000003tz20AAA","Contract","Salesrep2Percent","0058a00000LLRscAAH","2022-05-25 20:38:02"
"7378a000003tz21AAA","Contract","Salesrep3","0058a00000LLRscAAH","2022-05-25 20:38:02"
"7378a000003tz22AAA","Contract","Salesrep3Percent","0058a00000LLRscAAH","2022-05-25 20:38:02"
"7378a000003tz23AAA","Contract","ShippingAddress","0058a00000LLRscAAH","2022-05-25 20:38:02"
"7378a000003tz24AAA","Contract","SpecialTerms","0058a00000LLRscAAH","2022-05-25 20:38:02"
"7378a000003tz25AAA","Contract","StartDate","0058a00000LLRscAAH","2022-05-25 20:38:02"
"7378a000003tz26AAA","Contract","Status","0058a00000LLRscAAH","2022-05-25 20:38:02"
"7378a000003tz27AAA","Contract","TaxExemptionCode","0058a00000LLRscAAH","2022-05-25 20:38:02"
"7378a000003tz28AAA","Order","BillToContact","0058a00000LLRscAAH","2022-05-25 20:38:02"
"7378a000003tz29AAA","Order","BillingAddress","0058a00000LLRscAAH","2022-05-25 20:38:02"
"7378a000003tz2AAAQ","Order","CompanyAuthorizedBy","0058a00000LLRscAAH","2022-05-25 20:38:02"
"7378a000003tz2BAAQ","Order","CompanyAuthorizedDate","0058a00000LLRscAAH","2022-05-25 20:38:02"
"7378a000003tz2CAAQ","Order","CustomerAuthorizedBy","0058a00000LLRscAAH","2022-05-25 20:38:02"
"7378a000003tz2DAAQ","Order","CustomerAuthorizedDate","0058a00000LLRscAAH","2022-05-25 20:38:02"
"7378a000003tz2EAAQ","Order","Description","0058a00000LLRscAAH","2022-05-25 20:38:02"
"7378a000003tz2FAAQ","Order","EffectiveDate","0058a00000LLRscAAH","2022-05-25 20:38:02"
"7378a000003tz2GAAQ","Order","Name","0058a00000LLRscAAH","2022-05-25 20:38:02"
"7378a000003tz2HAAQ","Order","OrderReferenceNumber","0058a00000LLRscAAH","2022-05-25 20:38:02"
"7378a000003tz2IAAQ","Order","PoDate","0058a00000LLRscAAH","2022-05-25 20:38:02"
"7378a000003tz2JAAQ","Order","PoNumber","0058a00000LLRscAAH","2022-05-25 20:38:02"
"7378a000003tz2KAAQ","Order","ShipToContact","0058a00000LLRscAAH","2022-05-25 20:38:02"
"7378a000003tz2LAAQ","Order","ShippingAddress","0058a00000LLRscAAH","2022-05-25 20:38:02"
"7378a000003tz2MAAQ","Order","Status","0058a00000LLRscAAH","2022-05-25 20:38:02"
"7378a000003tz2NAAQ","Order","TotalAmount","0058a00000LLRscAAH","2022-05-25 20:38:02"
"7378a000003tz2OAAQ","Order","Type","0058a00000LLRscAAH","2022-05-25 20:38:02"
"7378a000003tz2PAAQ","Solution","CurrencyIsoCode","0058a00000LLRscAAH","2022-05-25 20:38:02"
"7378a000003tz2QAAQ","Solution","IsPublished","0058a00000LLRscAAH","2022-05-25 20:38:02"
"7378a000003tz2RAAQ","Solution","IsPublishedInPublicKb","0058a00000LLRscAAH","2022-05-25 20:38:02"
"7378a000003tz2SAAQ","Solution","Owner","0058a00000LLRscAAH","2022-05-25 20:38:02"
"7378a000003tz2TAAQ","Solution","RecordType","0058a00000LLRscAAH","2022-05-25 20:38:02"
"7378a000003tz2UAAQ","Solution","SolutionName","0058a00000LLRscAAH","2022-05-25 20:38:02"
"7378a000003tz2VAAQ","Solution","SolutionNote","0058a00000LLRscAAH","2022-05-25 20:38:02"
"7378a000003tz2WAAQ","Solution","Status","0058a00000LLRscAAH","2022-05-25 20:38:02"
